scenario,seed,vehicles_completed,still_in_net,mean_delay_s,max_queue_veh,throughput_veh_h
baseline,1,2489,0,72.77734431498594,34,1244.5
baseline,2,2528,0,60.53085443037975,33,1264.0
baseline,3,2478,0,53.22459644874899,32,1239.0
baseline,4,2558,0,58.59381939014855,32,1279.0
baseline,5,2456,0,44.82402280130293,25,1228.0
split_prop,1,2489,0,43.6725793491362,29,1244.5
split_prop,2,2528,0,36.4957792721519,27,1264.0
split_prop,3,2478,0,44.53183212267958,36,1239.0
split_prop,4,2558,0,40.45300234558248,23,1279.0
split_prop,5,2456,0,37.738314332247555,17,1228.0
cycle60,1,2489,0,63.770028123744474,29,1244.5
cycle60,2,2528,0,72.18080300632911,32,1264.0
cycle60,3,2478,0,56.973256658595645,31,1239.0
cycle60,4,2558,0,47.24503518373729,24,1279.0
cycle60,5,2456,0,38.258994299674264,24,1228.0
